model,status,objective_value,n_reactions,n_metabolites,n_genes,difference_vs_input,fraction_of_input
input_stm_v1,optimal,0.47783366076072126,2545,1802,1271,0.0,1.0
mixed_10_90,optimal,0.47783366076072126,2545,1802,1271,0.0,1.0
mixed_15_85,optimal,0.47783366076072126,2545,1802,1271,0.0,1.0
mixed_25_75,optimal,0.47783366076072126,2545,1802,1271,0.0,1.0
stm_10_90,optimal,0.47783366076072126,2545,1802,1271,0.0,1.0
stm_15_85,optimal,0.47783366076072126,2545,1802,1271,0.0,1.0
stm_25_75,optimal,0.47783366076072126,2545,1802,1271,0.0,1.0
