growth,status,gene_id,growth_fraction,essential,reduced_growth,gene_name
0.11589573685434629,optimal,STM3865,0.2425441034644521,False,True,atpD
0.11589573685434662,optimal,STM3870,0.24254410346445282,False,True,atpE
0.11589573685434669,optimal,STM3869,0.24254410346445296,False,True,atpF
0.11589573685434691,optimal,STM3868,0.24254410346445343,False,True,atpH
0.11589573685434724,optimal,STM3864,0.24254410346445412,False,True,atpC
0.11589573685434724,optimal,STM3866,0.24254410346445412,False,True,atpG
0.11589573685434745,optimal,STM3871,0.24254410346445454,False,True,atpB
0.11589573685434745,optimal,STM3867,0.24254410346445454,False,True,atpA
