growth,status,gene_id,growth_fraction,essential,reduced_growth,gene_name
0.1158957368543468,optimal,STM3869,0.24254410346445318,False,True,atpF
0.11589573685434688,optimal,STM3864,0.24254410346445335,False,True,atpC
0.11589573685434744,optimal,STM3865,0.2425441034644545,False,True,atpD
0.11589573685434745,optimal,STM3866,0.24254410346445454,False,True,atpG
0.11589573685434745,optimal,STM3871,0.24254410346445454,False,True,atpB
0.11589573685434745,optimal,STM3867,0.24254410346445454,False,True,atpA
0.11589573685434745,optimal,STM3870,0.24254410346445454,False,True,atpE
0.11589573685434745,optimal,STM3868,0.24254410346445454,False,True,atpH
